Zipcode,Total Households,"Less than $10,000","$10,000 to $14,999","$15,000 to $24,999","$25,000 to $34,999","$35,000 to $49,999","$50,000 to $74,999","$75,000 to $99,999","$100,000 to $149,999","$150,000 to $199,999","$200,000 or more",Median income (dollars),Mean income (dollars),Household income in the past 12 months,Total Affordable Housing,Housing to Households Ratio,Extremely Low Income Households,Very Low Income Households,Low Income Households,Moderate Income Households,Middle Income Households,Extremely Low Housing,Very Low Housing,Low Housing,Moderate Housing,Middle Housing,Extremely Low H/H Ratio,Very Low H/H Ratio,Low H/H Ratio,Moderate H/H Ratio,Middle H/H Ratio,Borough
10000,3113535,0.104,0.061,0.105,0.089,0.114,0.155,0.108,0.127,0.058,0.078,53373,85704,39.9,141660,0.045,723117,328820,368929,463956,366604,19358,54717,48548,8656,9751,0.027,0.166,0.132,0.019,0.027,New York
10001,11639,0.086,0.041,0.093,0.051,0.092,0.085,0.098,0.132,0.1,0.221,86801,158183,24.0,1743,0.15,3000,1081,1056,2280,400,528,274,273,371,297,0.176,0.253,0.259,0.163,0.743,Manhattan
10002,33348,0.155,0.126,0.14,0.088,0.1,0.142,0.071,0.085,0.034,0.059,33726,61946,32.6,4660,0.14,8002,4516,3781,3371,4148,406,2228,1433,487,98,0.051,0.493,0.379,0.144,0.024,Manhattan
10003,27487,0.061,0.019,0.07,0.049,0.064,0.13,0.113,0.152,0.116,0.225,98151,161692,23.8,588,0.021,5255,1939,6044,3948,3479,363,121,91,0,12,0.069,0.062,0.015,0.0,0.003,Manhattan
10004,1574,0.022,0.003,0.017,0.065,0.051,0.071,0.148,0.22,0.124,0.28,119691,177262,22.1,0,0.0,223,112,245,340,207,0,0,0,0,0,0.0,0.0,0.0,0.0,0.0,Manhattan
10005,4252,0.079,0.008,0.045,0.019,0.014,0.09,0.099,0.246,0.125,0.274,124194,176424,25.2,0,0.0,684,331,484,1041,1014,0,0,0,0,0,0.0,0.0,0.0,0.0,0.0,Manhattan
10006,1745,0.069,0.052,0.0,0.007,0.032,0.157,0.066,0.223,0.075,0.32,123691,162688,21.2,0,0.0,263,239,161,387,361,0,0,0,0,0,0.0,0.0,0.0,0.0,0.0,Manhattan
10007,2781,0.029,0.014,0.006,0.007,0.038,0.059,0.053,0.104,0.092,0.598,250000,441278,15.7,0,0.0,422,388,303,997,375,0,0,0,0,0,0.0,0.0,0.0,0.0,0.0,Manhattan
10009,29770,0.127,0.077,0.096,0.072,0.084,0.123,0.112,0.144,0.071,0.094,59090,85207,24.5,5466,0.184,8098,2640,2698,3597,3450,293,147,957,108,3956,0.036,0.056,0.355,0.03,1.147,Manhattan
10010,16050,0.078,0.039,0.049,0.04,0.055,0.132,0.094,0.158,0.087,0.267,101718,154979,23.6,1809,0.113,3221,2401,1909,2344,1643,88,11,400,104,1205,0.027,0.005,0.21,0.044,0.733,Manhattan
10011,29762,0.053,0.029,0.057,0.048,0.077,0.096,0.084,0.174,0.11,0.273,109818,196817,22.3,747,0.025,5480,4466,2962,4853,3595,131,127,144,187,158,0.024,0.028,0.049,0.039,0.044,Manhattan
10012,12470,0.074,0.023,0.045,0.063,0.073,0.109,0.105,0.174,0.129,0.205,100859,141430,25.1,327,0.026,2448,1929,1502,2003,1757,128,186,8,2,0,0.052,0.096,0.005,0.001,0.0,Manhattan
10013,11558,0.081,0.05,0.11,0.047,0.06,0.09,0.067,0.12,0.059,0.317,96667,242875,30.2,88,0.008,3234,763,1661,1248,857,86,1,0,0,0,0.027,0.001,0.0,0.0,0.0,Manhattan
10014,18786,0.034,0.02,0.041,0.049,0.064,0.141,0.112,0.138,0.11,0.29,113973,179375,21.1,0,0.0,2682,3235,2554,2549,2172,0,0,0,0,0,0.0,0.0,0.0,0.0,0.0,Manhattan
10016,28390,0.065,0.029,0.046,0.033,0.077,0.121,0.102,0.192,0.108,0.227,104826,152944,22.3,415,0.015,4814,4681,3463,5038,3530,0,0,415,0,0,0.0,0.0,0.12,0.0,0.0,Manhattan
10017,10157,0.06,0.019,0.063,0.023,0.073,0.127,0.101,0.187,0.102,0.246,106421,160725,24.1,0,0.0,1653,1676,1247,1769,1191,0,0,0,0,0,0.0,0.0,0.0,0.0,0.0,Manhattan
10018,4712,0.07,0.036,0.055,0.058,0.044,0.099,0.101,0.186,0.125,0.229,105500,144419,27.8,0,0.0,1004,561,539,813,649,0,0,0,0,0,0.0,0.0,0.0,0.0,0.0,Manhattan
10019,23146,0.072,0.047,0.067,0.052,0.071,0.119,0.107,0.15,0.098,0.217,94022,144753,24.1,1250,0.054,5272,1779,4714,3225,2619,436,465,111,46,188,0.083,0.261,0.024,0.014,0.072,Manhattan
10021,23739,0.049,0.031,0.043,0.044,0.079,0.11,0.088,0.137,0.096,0.324,115076,218180,30.0,0,0.0,3948,3892,2531,3160,2421,0,0,0,0,0,0.0,0.0,0.0,0.0,0.0,Manhattan
10022,17892,0.047,0.017,0.054,0.027,0.067,0.103,0.098,0.153,0.103,0.332,126378,234492,26.8,0,0.0,3501,1842,3888,2289,2922,0,0,0,0,0,0.0,0.0,0.0,0.0,0.0,Manhattan
10023,32755,0.063,0.032,0.058,0.04,0.057,0.094,0.099,0.166,0.116,0.276,111478,188600,25.4,334,0.01,6261,4214,3681,5200,4082,0,0,284,0,50,0.0,0.0,0.077,0.0,0.012,Manhattan
10024,28675,0.056,0.032,0.056,0.049,0.07,0.111,0.083,0.145,0.105,0.294,113839,202005,27.5,504,0.018,5498,4456,2934,3999,3198,258,210,32,0,0,0.047,0.047,0.011,0.0,0.0,Manhattan
10025,43456,0.099,0.054,0.077,0.083,0.069,0.121,0.097,0.136,0.09,0.173,74065,124739,30.5,1601,0.037,9621,6199,4932,4850,5283,507,669,243,173,0,0.053,0.108,0.049,0.036,0.0,Manhattan
10026,14527,0.155,0.071,0.099,0.089,0.111,0.148,0.072,0.116,0.063,0.076,47264,79815,35.5,1657,0.114,3225,1416,2590,2018,1339,544,280,685,116,16,0.169,0.198,0.264,0.057,0.012,Manhattan
10027,22937,0.198,0.068,0.102,0.08,0.116,0.127,0.096,0.098,0.048,0.067,40782,70034,36.9,1196,0.052,5813,2195,2141,2728,2669,240,235,453,107,150,0.041,0.107,0.212,0.039,0.056,Manhattan
10028,24941,0.028,0.033,0.071,0.029,0.052,0.122,0.108,0.166,0.095,0.297,114939,203678,27.6,0,0.0,4003,3638,3187,4023,2580,0,0,0,0,0,0.0,0.0,0.0,0.0,0.0,Manhattan
10029,30115,0.178,0.12,0.137,0.112,0.107,0.126,0.073,0.072,0.028,0.046,31350,60756,43.4,6113,0.203,5041,6518,3955,3380,3415,856,3749,513,583,388,0.17,0.575,0.13,0.172,0.114,Manhattan
10030,11891,0.181,0.095,0.136,0.111,0.11,0.153,0.06,0.096,0.027,0.031,33196,53229,38.0,2222,0.187,2143,2211,1545,1360,1594,376,565,1010,159,84,0.175,0.256,0.654,0.117,0.053,Manhattan
10031,21191,0.155,0.077,0.107,0.121,0.133,0.156,0.102,0.091,0.03,0.028,39774,56924,34.7,1607,0.076,4581,2137,2795,2923,3020,142,284,649,507,13,0.031,0.133,0.232,0.173,0.004,Manhattan
10032,20243,0.143,0.089,0.126,0.115,0.129,0.182,0.097,0.077,0.023,0.018,37280,52050,39.9,1275,0.063,4237,2359,2632,2680,3296,445,500,240,69,9,0.105,0.212,0.091,0.026,0.003,Manhattan
10033,19548,0.108,0.09,0.119,0.105,0.111,0.16,0.096,0.126,0.042,0.042,44933,64437,41.7,303,0.016,3692,2268,3847,2858,843,47,66,118,56,10,0.013,0.029,0.031,0.02,0.012,Manhattan
10034,15462,0.109,0.071,0.148,0.113,0.114,0.15,0.137,0.102,0.034,0.024,42581,59635,36.1,184,0.012,2619,2111,2040,3389,592,88,48,36,10,0,0.034,0.023,0.018,0.003,0.0,Manhattan
10035,12999,0.229,0.121,0.107,0.104,0.122,0.132,0.065,0.063,0.029,0.029,27424,47759,35.5,2155,0.166,2449,1964,1355,1441,1515,920,353,514,315,37,0.376,0.18,0.379,0.219,0.024,Manhattan
10036,15455,0.083,0.06,0.066,0.093,0.096,0.097,0.091,0.162,0.078,0.174,75966,115834,22.3,416,0.027,3138,2655,1570,1567,2216,44,298,25,0,47,0.014,0.112,0.016,0.0,0.021,Manhattan
10037,9109,0.131,0.112,0.148,0.105,0.104,0.18,0.119,0.055,0.023,0.022,35491,50691,29.7,2190,0.24,1917,1252,1167,987,1421,210,110,855,684,325,0.11,0.088,0.733,0.693,0.229,Manhattan
10038,9780,0.119,0.06,0.094,0.052,0.066,0.101,0.104,0.151,0.088,0.166,76379,122181,31.0,0,0.0,2591,1078,956,1115,1325,0,0,0,0,0,0.0,0.0,0.0,0.0,0.0,Manhattan
10039,10631,0.162,0.089,0.126,0.136,0.142,0.164,0.08,0.059,0.018,0.024,33558,52332,38.5,2841,0.267,2357,1210,1548,1552,1581,203,2030,376,223,0,0.086,1.678,0.243,0.144,0.0,Manhattan
10040,16002,0.113,0.051,0.122,0.107,0.149,0.181,0.127,0.088,0.031,0.03,46200,59397,40.5,183,0.011,2562,1865,3623,2762,2305,8,78,59,35,2,0.003,0.042,0.016,0.013,0.001,Manhattan
10044,4622,0.069,0.032,0.036,0.056,0.041,0.175,0.118,0.219,0.089,0.165,91383,116875,25.4,0,0.0,833,229,804,1304,583,0,0,0,0,0,0.0,0.0,0.0,0.0,0.0,Manhattan
10065,16742,0.051,0.01,0.043,0.043,0.072,0.133,0.093,0.146,0.1,0.309,112869,205447,28.5,0,0.0,2435,2903,1956,2359,1795,0,0,0,0,0,0.0,0.0,0.0,0.0,0.0,Manhattan
10069,2850,0.051,0.009,0.041,0.026,0.047,0.043,0.086,0.111,0.19,0.396,163750,231265,15.3,0,0.0,491,324,321,572,618,0,0,0,0,0,0.0,0.0,0.0,0.0,0.0,Manhattan
10075,14145,0.043,0.021,0.059,0.041,0.046,0.122,0.127,0.149,0.08,0.313,111691,205405,27.0,0,0.0,2294,1958,2046,2074,1266,0,0,0,0,0,0.0,0.0,0.0,0.0,0.0,Manhattan
10128,31920,0.053,0.018,0.063,0.048,0.078,0.124,0.115,0.168,0.088,0.245,100200,172532,25.6,887,0.028,5590,5349,4257,5026,3386,615,165,93,11,0,0.11,0.031,0.022,0.002,0.0,Manhattan
10162,671,0.0,0.0,0.0,0.0,0.0,0.076,0.142,0.131,0.262,0.389,193510,216132,43.1,0,0.0,39,103,226,160,45,0,0,0,0,0,0.0,0.0,0.0,0.0,0.0,Manhattan
10280,4588,0.022,0.004,0.018,0.026,0.05,0.098,0.08,0.216,0.131,0.354,145432,193651,21.0,0,0.0,519,464,1149,747,856,0,0,0,0,0,0.0,0.0,0.0,0.0,0.0,Manhattan
10282,2439,0.045,0.006,0.012,0.012,0.008,0.069,0.081,0.097,0.057,0.613,250000,318142,18.2,0,0.0,368,394,178,897,336,0,0,0,0,0,0.0,0.0,0.0,0.0,0.0,Manhattan
10301,14063,0.115,0.049,0.108,0.071,0.111,0.166,0.121,0.142,0.064,0.053,54605,75227,40.9,1004,0.071,3301,1301,1583,2236,1828,1,151,721,126,0,0.0,0.116,0.455,0.056,0.0,Staten Island
10302,6017,0.137,0.036,0.09,0.094,0.118,0.134,0.146,0.129,0.071,0.045,54170,70739,46.5,36,0.006,1392,626,743,793,893,36,0,0,0,0,0.026,0.0,0.0,0.0,0.0,Staten Island
10303,8029,0.182,0.058,0.097,0.062,0.086,0.159,0.146,0.142,0.046,0.023,52553,62834,56.9,537,0.067,2417,660,704,1183,1219,429,0,108,0,0,0.177,0.0,0.153,0.0,0.0,Staten Island
10304,14564,0.115,0.046,0.09,0.086,0.14,0.144,0.085,0.163,0.065,0.066,54106,82916,42.1,616,0.042,3194,1427,2049,2088,1387,296,47,262,10,0,0.093,0.033,0.128,0.005,0.0,Staten Island
10305,14931,0.072,0.044,0.079,0.084,0.097,0.147,0.161,0.191,0.076,0.05,72782,82951,38.5,0,0.0,2761,2457,2097,2590,2587,0,0,0,0,0,0.0,0.0,0.0,0.0,0.0,Staten Island
10306,20215,0.061,0.037,0.084,0.07,0.086,0.141,0.125,0.199,0.121,0.076,79686,95618,45.0,0,0.0,3603,2875,2775,2844,3636,0,0,0,0,0,0.0,0.0,0.0,0.0,0.0,Staten Island
10307,5110,0.032,0.059,0.085,0.049,0.087,0.159,0.146,0.185,0.094,0.105,76857,96729,45.6,0,0.0,864,625,769,834,857,0,0,0,0,0,0.0,0.0,0.0,0.0,0.0,Staten Island
10308,10675,0.041,0.035,0.072,0.06,0.069,0.156,0.149,0.213,0.128,0.077,87174,98769,44.3,0,0.0,2056,804,1642,3292,595,0,0,0,0,0,0.0,0.0,0.0,0.0,0.0,Staten Island
10309,11052,0.039,0.029,0.065,0.048,0.07,0.154,0.161,0.225,0.097,0.112,87509,109210,44.8,0,0.0,1866,810,1684,3633,653,0,0,0,0,0,0.0,0.0,0.0,0.0,0.0,Staten Island
10310,8304,0.102,0.038,0.106,0.077,0.093,0.129,0.117,0.178,0.103,0.058,68080,84186,42.7,0,0.0,1881,782,1567,1087,1284,0,0,0,0,0,0.0,0.0,0.0,0.0,0.0,Staten Island
10312,21530,0.034,0.025,0.057,0.062,0.092,0.169,0.148,0.21,0.111,0.092,84584,102797,44.1,0,0.0,3464,2042,3587,6601,1147,0,0,0,0,0,0.0,0.0,0.0,0.0,0.0,Staten Island
10314,31294,0.055,0.031,0.064,0.062,0.1,0.174,0.144,0.195,0.103,0.071,77331,93457,46.2,0,0.0,4549,4503,5201,5135,5515,0,0,0,0,0,0.0,0.0,0.0,0.0,0.0,Staten Island
10451,18140,0.206,0.124,0.154,0.122,0.135,0.125,0.064,0.046,0.01,0.013,26048,40836,30.6,4222,0.233,2920,2769,2624,2441,2342,60,829,3220,84,17,0.021,0.299,1.227,0.034,0.007,Bronx
10452,25432,0.191,0.128,0.185,0.126,0.13,0.129,0.059,0.041,0.006,0.005,24790,36083,35.5,3003,0.118,3612,3934,4298,3695,3185,402,1097,1367,117,0,0.111,0.279,0.318,0.032,0.0,Bronx
10453,26802,0.229,0.12,0.175,0.131,0.127,0.115,0.055,0.035,0.011,0.002,23095,33354,34.8,3135,0.117,4252,4360,4207,4004,3325,339,1163,1526,55,9,0.08,0.267,0.363,0.014,0.003,Bronx
10454,12790,0.258,0.129,0.205,0.108,0.116,0.096,0.044,0.027,0.01,0.006,20210,31533,27.7,2042,0.16,2000,2410,2233,848,1394,1042,262,670,29,28,0.521,0.109,0.3,0.034,0.02,Bronx
10455,14023,0.247,0.12,0.162,0.13,0.14,0.111,0.046,0.033,0.004,0.008,23253,32854,27.6,1401,0.1,2416,2351,2068,2034,1875,262,391,666,38,28,0.108,0.166,0.322,0.019,0.015,Bronx
10456,29255,0.219,0.12,0.173,0.124,0.129,0.133,0.048,0.04,0.01,0.003,23956,35722,35.7,2970,0.102,4604,4605,4586,4161,3631,933,1096,846,51,0,0.203,0.238,0.184,0.012,0.0,Bronx
10457,23749,0.209,0.125,0.17,0.128,0.141,0.121,0.054,0.037,0.011,0.004,24750,36604,32.2,2749,0.116,3685,3727,3716,3419,3194,278,655,1752,26,8,0.075,0.176,0.471,0.008,0.003,Bronx
10458,26349,0.192,0.109,0.162,0.123,0.132,0.137,0.072,0.054,0.011,0.008,27912,41474,34.6,2139,0.081,4236,3495,4012,3557,3342,300,216,961,335,314,0.071,0.062,0.24,0.094,0.094,Bronx
10459,15688,0.246,0.111,0.157,0.125,0.131,0.13,0.04,0.045,0.009,0.005,23761,35964,33.0,2286,0.146,2750,2488,2234,2188,1975,271,820,1094,56,18,0.099,0.33,0.49,0.026,0.009,Bronx
10460,19776,0.22,0.126,0.179,0.119,0.115,0.13,0.056,0.039,0.01,0.007,23209,35624,37.8,1454,0.074,3029,3248,3193,2782,2222,252,337,798,48,0,0.083,0.104,0.25,0.017,0.0,Bronx
10461,19086,0.072,0.067,0.102,0.111,0.133,0.165,0.13,0.144,0.04,0.035,51568,68790,50.1,209,0.011,3856,2302,2652,3042,2662,75,81,52,0,0,0.019,0.035,0.02,0.0,0.0,Bronx
10462,29345,0.105,0.066,0.11,0.112,0.15,0.183,0.123,0.106,0.03,0.015,45760,57940,43.1,60,0.002,4853,3118,6781,5110,4164,2,12,45,0,0,0.0,0.004,0.007,0.0,0.0,Bronx
10463,27458,0.085,0.047,0.111,0.087,0.121,0.175,0.127,0.129,0.055,0.062,56482,80384,31.1,683,0.025,5688,2909,3463,4662,3712,0,270,146,41,222,0.0,0.093,0.042,0.009,0.06,Bronx
10464,2024,0.059,0.032,0.098,0.049,0.061,0.2,0.1,0.23,0.117,0.055,75208,90671,40.3,0,0.0,362,210,355,262,405,0,0,0,0,0,0.0,0.0,0.0,0.0,0.0,Bronx
10465,15560,0.072,0.057,0.091,0.054,0.088,0.143,0.153,0.206,0.074,0.063,73776,85312,42.5,0,0.0,3259,2012,2110,2581,2874,0,0,0,0,0,0.0,0.0,0.0,0.0,0.0,Bronx
10466,22891,0.141,0.073,0.105,0.102,0.136,0.17,0.111,0.104,0.037,0.021,42478,56348,35.0,206,0.009,4646,2293,2628,5825,992,1,107,89,8,0,0.0,0.047,0.034,0.001,0.0,Bronx
10467,35178,0.169,0.085,0.144,0.1,0.139,0.175,0.087,0.077,0.016,0.008,35117,46518,40.7,1278,0.036,8045,4447,4331,4815,5524,275,571,419,6,0,0.034,0.128,0.097,0.001,0.0,Bronx
10468,24631,0.15,0.09,0.146,0.116,0.152,0.165,0.103,0.055,0.013,0.009,34784,44912,44.1,782,0.032,5236,3175,3366,3711,3728,3,46,335,32,359,0.001,0.014,0.1,0.009,0.096,Bronx
10469,22014,0.092,0.039,0.091,0.098,0.122,0.194,0.125,0.155,0.053,0.032,57207,70069,50.6,133,0.006,4258,2391,2852,4136,2958,0,0,115,18,0,0.0,0.0,0.04,0.004,0.0,Bronx
10470,5747,0.072,0.077,0.085,0.093,0.11,0.17,0.15,0.16,0.057,0.027,57706,70509,42.1,131,0.023,1193,590,677,951,894,63,0,67,0,0,0.053,0.0,0.099,0.0,0.0,Bronx
10471,8620,0.069,0.03,0.048,0.064,0.111,0.15,0.153,0.185,0.085,0.103,80222,105625,27.0,0,0.0,1250,1333,1295,1456,1456,0,0,0,0,0,0.0,0.0,0.0,0.0,0.0,Bronx
10472,21303,0.179,0.097,0.17,0.117,0.133,0.141,0.074,0.071,0.015,0.003,29308,41909,43.4,832,0.039,3352,2479,3444,4709,748,38,217,567,2,0,0.011,0.088,0.165,0.0,0.0,Bronx
10473,20624,0.146,0.089,0.138,0.098,0.134,0.167,0.082,0.098,0.028,0.019,36764,51802,36.0,3322,0.161,4360,2578,2452,2761,3110,555,2393,328,28,13,0.127,0.928,0.134,0.01,0.004,Bronx
10474,3613,0.203,0.128,0.137,0.161,0.137,0.137,0.048,0.042,0.002,0.005,26585,36171,31.2,538,0.149,584,558,474,603,485,9,167,282,17,55,0.015,0.299,0.595,0.028,0.113,Bronx
10475,18271,0.08,0.064,0.109,0.117,0.183,0.178,0.109,0.095,0.046,0.018,44923,59288,36.8,15531,0.85,2511,1908,4742,3277,877,0,11413,4027,76,14,0.0,5.982,0.849,0.023,0.016,Bronx
11001,9131,0.026,0.012,0.058,0.044,0.09,0.129,0.142,0.197,0.162,0.14,99691,119387,33.1,0,0.0,1218,877,2213,1696,1580,0,0,0,0,0,0.0,0.0,0.0,0.0,0.0,Other
11003,12042,0.014,0.036,0.053,0.061,0.082,0.166,0.145,0.249,0.099,0.094,89831,101669,48.9,0,0.0,1804,1056,2015,3983,808,0,0,0,0,0,0.0,0.0,0.0,0.0,0.0,Other
11004,4862,0.027,0.03,0.06,0.065,0.1,0.137,0.179,0.209,0.121,0.071,85968,99830,36.9,0,0.0,799,501,679,1624,262,0,0,0,0,0,0.0,0.0,0.0,0.0,0.0,Queens
11005,1522,0.022,0.041,0.124,0.057,0.147,0.243,0.11,0.163,0.026,0.066,58894,91016,40.3,0,0.0,228,127,224,361,183,0,0,0,0,0,0.0,0.0,0.0,0.0,0.0,Queens
11040,12945,0.013,0.023,0.05,0.048,0.081,0.128,0.113,0.243,0.146,0.156,106654,125241,35.2,0,0.0,1680,2279,1726,2897,2124,0,0,0,0,0,0.0,0.0,0.0,0.0,0.0,Other
11101,11772,0.127,0.083,0.112,0.099,0.088,0.123,0.1,0.126,0.059,0.084,48013,77677,35.8,0,0.0,2433,1305,2012,1352,1267,0,0,0,0,0,0.0,0.0,0.0,0.0,0.0,Queens
11102,14039,0.069,0.05,0.123,0.116,0.131,0.164,0.109,0.137,0.062,0.04,51123,71031,34.0,0,0.0,2728,1856,1943,2218,1709,0,0,0,0,0,0.0,0.0,0.0,0.0,0.0,Queens
11103,16607,0.064,0.043,0.095,0.087,0.135,0.204,0.136,0.134,0.061,0.042,59243,74020,36.8,0,0.0,2897,1678,2347,3327,2383,0,0,0,0,0,0.0,0.0,0.0,0.0,0.0,Queens
11104,11540,0.056,0.056,0.123,0.091,0.134,0.189,0.131,0.137,0.045,0.038,55294,70828,40.7,20,0.002,2233,1307,1589,2107,1631,0,20,0,0,0,0.0,0.015,0.0,0.0,0.0,Queens
11105,15532,0.063,0.032,0.078,0.087,0.128,0.208,0.11,0.191,0.058,0.045,61646,79957,36.5,528,0.034,2371,1505,2121,3214,3763,348,58,49,72,0,0.147,0.039,0.023,0.022,0.0,Queens
11106,17004,0.105,0.063,0.107,0.066,0.125,0.167,0.121,0.151,0.059,0.037,54109,71621,33.6,0,0.0,4037,1505,2095,2743,2217,0,0,0,0,0,0.0,0.0,0.0,0.0,0.0,Queens
11109,2560,0.093,0.011,0.006,0.02,0.039,0.084,0.136,0.195,0.115,0.301,129505,155054,18.1,0,0.0,409,207,722,383,395,0,0,0,0,0,0.0,0.0,0.0,0.0,0.0,Other
11201,25664,0.059,0.041,0.053,0.054,0.072,0.11,0.105,0.166,0.109,0.231,101150,152775,24.0,878,0.034,5127,3934,3100,3961,3147,24,46,208,139,461,0.005,0.012,0.067,0.035,0.146,Brooklyn
11203,27447,0.11,0.063,0.11,0.105,0.14,0.184,0.124,0.112,0.033,0.019,45936,58403,52.8,308,0.011,4607,2914,5951,4729,3918,0,4,304,0,0,0.0,0.001,0.051,0.0,0.0,Brooklyn
11204,24480,0.08,0.075,0.142,0.102,0.122,0.18,0.117,0.099,0.046,0.036,46560,65150,46.9,0,0.0,3667,3364,4959,4044,3324,0,0,0,0,0,0.0,0.0,0.0,0.0,0.0,Brooklyn
11205,15198,0.124,0.082,0.121,0.097,0.091,0.132,0.107,0.124,0.055,0.067,47575,73353,37.4,425,0.028,3069,1810,2615,1858,1755,41,42,319,21,0,0.013,0.023,0.122,0.011,0.0,Brooklyn
11206,29525,0.176,0.11,0.157,0.103,0.121,0.122,0.077,0.085,0.03,0.019,30779,49425,42.1,3376,0.114,4798,6498,1712,5750,3372,167,1266,1926,5,0,0.035,0.195,1.125,0.001,0.0,Brooklyn
11207,32005,0.194,0.079,0.121,0.111,0.134,0.16,0.086,0.081,0.023,0.01,34252,47113,53.6,1004,0.031,7940,3448,4001,4296,4621,189,555,253,3,0,0.024,0.161,0.063,0.001,0.0,Brooklyn
11208,29806,0.181,0.064,0.133,0.113,0.144,0.158,0.09,0.084,0.019,0.015,35698,48043,62.2,1786,0.06,6755,3376,3882,4297,4313,17,294,1358,112,0,0.003,0.087,0.35,0.026,0.0,Brooklyn
11209,30483,0.075,0.046,0.096,0.075,0.107,0.177,0.122,0.149,0.073,0.08,62761,87004,29.9,0,0.0,5891,2772,7110,4583,4053,0,0,0,0,0,0.0,0.0,0.0,0.0,0.0,Brooklyn
11210,21925,0.07,0.04,0.088,0.103,0.134,0.186,0.136,0.136,0.055,0.053,57565,77666,56.3,0,0.0,3743,2454,3106,3988,3154,0,0,0,0,0,0.0,0.0,0.0,0.0,0.0,Brooklyn
11211,37381,0.105,0.085,0.102,0.088,0.095,0.131,0.106,0.135,0.066,0.087,54406,84221,39.9,547,0.015,9591,3879,3824,4722,4191,241,149,121,24,1,0.025,0.038,0.032,0.005,0.0,Brooklyn
11212,31443,0.208,0.1,0.146,0.122,0.138,0.138,0.075,0.051,0.015,0.007,28207,40177,49.4,2137,0.068,5534,3962,4331,4156,4166,207,174,1717,2,27,0.037,0.044,0.396,0.0,0.006,Brooklyn
11213,24163,0.162,0.092,0.133,0.116,0.133,0.177,0.088,0.064,0.022,0.013,34701,47669,46.1,599,0.025,5456,2910,3206,3255,3802,103,184,247,45,10,0.019,0.063,0.077,0.014,0.003,Brooklyn
11214,31512,0.096,0.068,0.11,0.108,0.119,0.18,0.11,0.123,0.052,0.034,49828,66803,55.0,345,0.011,5160,3461,6404,5282,3999,214,128,0,0,0,0.041,0.037,0.0,0.0,0.0,Brooklyn
11215,29182,0.043,0.024,0.03,0.038,0.075,0.142,0.126,0.189,0.131,0.2,103716,144180,25.1,58,0.002,3814,5176,4328,5202,4210,3,34,14,1,6,0.001,0.007,0.003,0.0,0.001,Brooklyn
11216,23048,0.116,0.068,0.105,0.103,0.126,0.172,0.105,0.118,0.048,0.038,47107,65962,40.5,1044,0.045,4149,2371,4701,3703,2858,165,259,560,41,6,0.04,0.109,0.119,0.011,0.002,Brooklyn
11217,16797,0.065,0.037,0.063,0.055,0.082,0.127,0.112,0.181,0.097,0.18,87091,126829,29.2,922,0.055,3459,1433,2159,4151,794,12,307,599,0,0,0.003,0.214,0.277,0.0,0.0,Brooklyn
11218,24909,0.078,0.055,0.127,0.089,0.11,0.156,0.133,0.134,0.062,0.057,56120,78208,37.9,32,0.001,5441,2810,2899,3768,3463,6,22,4,0,0,0.001,0.008,0.001,0.0,0.0,Brooklyn
11219,26390,0.098,0.095,0.167,0.128,0.143,0.161,0.075,0.089,0.025,0.019,35974,52503,43.1,160,0.006,4389,3874,4014,3858,3877,31,33,3,91,1,0.007,0.009,0.001,0.024,0.0,Brooklyn
11220,29399,0.094,0.08,0.162,0.126,0.145,0.16,0.096,0.083,0.03,0.025,38893,54640,42.8,670,0.023,4592,4226,4351,4390,4307,506,54,39,64,1,0.11,0.013,0.009,0.015,0.0,Brooklyn
11221,28918,0.157,0.069,0.118,0.109,0.137,0.161,0.093,0.111,0.024,0.02,40635,54815,46.9,978,0.034,6161,3147,3566,4088,4260,115,389,426,10,24,0.019,0.124,0.119,0.002,0.006,Brooklyn
11222,16689,0.073,0.04,0.078,0.066,0.091,0.165,0.157,0.189,0.067,0.074,72409,87421,38.3,0,0.0,3016,2370,2545,2903,2856,0,0,0,0,0,0.0,0.0,0.0,0.0,0.0,Brooklyn
11223,27532,0.112,0.068,0.134,0.106,0.128,0.164,0.11,0.101,0.039,0.038,43019,64964,41.4,199,0.007,4693,3436,3384,6680,1166,8,116,73,0,0,0.002,0.034,0.022,0.0,0.0,Brooklyn
11224,18064,0.209,0.114,0.15,0.079,0.117,0.14,0.074,0.061,0.034,0.023,28006,50455,37.4,1499,0.083,3171,2526,2565,1651,2010,250,4,1135,37,66,0.079,0.002,0.442,0.022,0.033,Brooklyn
11225,23133,0.09,0.06,0.127,0.115,0.148,0.19,0.12,0.093,0.022,0.034,44911,62860,39.5,626,0.027,3327,2779,5419,4121,1184,78,293,172,80,0,0.023,0.105,0.032,0.019,0.0,Brooklyn
11226,36009,0.1,0.063,0.119,0.121,0.149,0.195,0.101,0.097,0.033,0.022,43399,58646,44.5,405,0.011,5569,4018,4888,10275,1829,7,90,168,130,6,0.001,0.022,0.034,0.013,0.003,Brooklyn
11228,15285,0.049,0.045,0.111,0.075,0.105,0.173,0.125,0.166,0.073,0.077,64250,87560,42.3,0,0.0,2743,1440,3510,2305,2230,0,0,0,0,0,0.0,0.0,0.0,0.0,0.0,Brooklyn
11229,30764,0.096,0.067,0.115,0.078,0.125,0.169,0.107,0.142,0.048,0.053,52168,71111,46.9,0,0.0,7228,3111,3820,4975,3693,0,0,0,0,0,0.0,0.0,0.0,0.0,0.0,Brooklyn
11230,30653,0.128,0.079,0.133,0.102,0.123,0.148,0.094,0.093,0.047,0.053,41068,66632,39.7,182,0.006,5911,3781,3662,3908,4152,0,0,181,0,0,0.0,0.0,0.049,0.0,0.0,Brooklyn
11231,15265,0.114,0.039,0.073,0.052,0.062,0.12,0.099,0.157,0.104,0.179,83310,128453,28.7,198,0.013,3449,1581,1785,1714,2197,38,53,97,3,7,0.011,0.034,0.054,0.002,0.003,Brooklyn
11232,8784,0.084,0.069,0.107,0.13,0.155,0.166,0.129,0.11,0.023,0.027,44474,60019,38.3,56,0.006,1276,903,2212,1430,389,27,14,13,1,0,0.021,0.016,0.006,0.001,0.0,Brooklyn
11233,26987,0.174,0.104,0.124,0.107,0.131,0.152,0.078,0.083,0.027,0.018,33745,50071,49.0,2183,0.081,6589,3170,3315,3523,3717,132,357,929,730,20,0.02,0.113,0.28,0.207,0.005,Brooklyn
11234,32185,0.049,0.034,0.075,0.083,0.113,0.171,0.139,0.188,0.083,0.066,71115,89848,44.2,0,0.0,4730,5611,5224,5146,5389,0,0,0,0,0,0.0,0.0,0.0,0.0,0.0,Brooklyn
11235,32065,0.147,0.08,0.105,0.104,0.1,0.142,0.098,0.125,0.052,0.047,42818,68373,42.9,1394,0.043,6909,3252,3746,6396,1170,1191,5,2,1,193,0.172,0.002,0.001,0.0,0.165,Brooklyn
11236,32442,0.087,0.045,0.084,0.089,0.129,0.179,0.148,0.142,0.065,0.031,58705,72543,56.1,41,0.001,6200,3227,4396,5709,5003,0,1,28,11,0,0.0,0.0,0.006,0.002,0.0,Brooklyn
11237,16582,0.121,0.058,0.124,0.1,0.144,0.166,0.106,0.118,0.04,0.024,44950,62004,50.7,137,0.008,2870,1945,3583,2649,743,98,29,6,3,0,0.034,0.015,0.002,0.001,0.0,Brooklyn
11238,23310,0.075,0.041,0.085,0.064,0.11,0.143,0.14,0.169,0.086,0.087,70873,93918,37.6,1894,0.081,4388,3604,3266,3589,3559,137,594,650,455,50,0.031,0.165,0.199,0.127,0.014,Brooklyn
11239,6362,0.205,0.158,0.12,0.09,0.193,0.156,0.036,0.035,0.004,0.003,26186,34840,36.7,5881,0.924,1024,1157,767,638,1119,0,3569,2312,0,0,0.0,3.085,3.014,0.0,0.0,Brooklyn
11354,20006,0.1,0.063,0.134,0.116,0.133,0.162,0.121,0.098,0.036,0.038,44741,62568,45.5,0,0.0,3127,2531,4506,3076,870,0,0,0,0,0,0.0,0.0,0.0,0.0,0.0,Queens
11355,27354,0.117,0.064,0.146,0.124,0.148,0.16,0.092,0.091,0.037,0.021,39168,54472,46.0,54,0.002,4571,3507,3901,4160,4014,0,0,2,51,0,0.0,0.0,0.001,0.012,0.0,Queens
11356,7712,0.058,0.033,0.097,0.083,0.156,0.185,0.165,0.126,0.054,0.043,57194,75112,43.3,0,0.0,1214,757,1218,1408,1321,0,0,0,0,0,0.0,0.0,0.0,0.0,0.0,Queens
11357,14846,0.035,0.029,0.083,0.083,0.092,0.186,0.144,0.19,0.094,0.064,73750,91915,33.8,0,0.0,2039,2381,2530,2480,2534,0,0,0,0,0,0.0,0.0,0.0,0.0,0.0,Queens
11358,13114,0.051,0.041,0.089,0.072,0.12,0.196,0.13,0.149,0.077,0.075,65258,83944,45.3,0,0.0,2118,1134,3426,2116,1771,0,0,0,0,0,0.0,0.0,0.0,0.0,0.0,Queens
11360,8567,0.053,0.036,0.093,0.059,0.077,0.156,0.139,0.182,0.109,0.097,80235,97078,29.5,0,0.0,1529,1063,1273,1339,1420,0,0,0,0,0,0.0,0.0,0.0,0.0,0.0,Queens
11361,10606,0.044,0.027,0.077,0.07,0.092,0.167,0.145,0.205,0.101,0.074,79158,93310,30.7,0,0.0,1527,1555,1698,1736,1970,0,0,0,0,0,0.0,0.0,0.0,0.0,0.0,Queens
11362,7068,0.052,0.023,0.051,0.095,0.061,0.153,0.168,0.212,0.102,0.084,86758,99502,27.4,0,0.0,1388,546,1057,2307,390,0,0,0,0,0,0.0,0.0,0.0,0.0,0.0,Queens
11363,2649,0.023,0.006,0.059,0.049,0.118,0.165,0.166,0.191,0.089,0.133,89219,121953,30.9,0,0.0,330,308,449,822,135,0,0,0,0,0,0.0,0.0,0.0,0.0,0.0,Queens
11364,13205,0.043,0.04,0.092,0.068,0.094,0.182,0.134,0.188,0.087,0.071,72477,88789,36.2,0,0.0,2151,1954,2199,2084,2210,0,0,0,0,0,0.0,0.0,0.0,0.0,0.0,Queens
11365,15764,0.086,0.043,0.103,0.093,0.103,0.17,0.134,0.148,0.067,0.053,59520,79166,46.1,2211,0.14,3191,1710,1766,2629,2201,6,2123,81,0,0,0.002,1.242,0.046,0.0,0.0,Queens
11366,4191,0.068,0.031,0.067,0.07,0.093,0.182,0.124,0.168,0.101,0.096,72486,93774,43.6,0,0.0,657,611,696,625,628,0,0,0,0,0,0.0,0.0,0.0,0.0,0.0,Queens
11367,14644,0.071,0.054,0.103,0.091,0.113,0.197,0.111,0.152,0.072,0.038,56557,73718,50.3,0,0.0,2852,1561,1753,2767,1790,0,0,0,0,0,0.0,0.0,0.0,0.0,0.0,Queens
11368,29095,0.072,0.047,0.127,0.129,0.184,0.185,0.122,0.102,0.02,0.012,45004,55919,54.3,507,0.017,3324,3462,7977,5374,1454,171,321,9,4,0,0.051,0.093,0.001,0.001,0.0,Queens
11369,11482,0.07,0.036,0.113,0.109,0.156,0.174,0.149,0.114,0.056,0.021,52310,67171,55.2,132,0.011,2030,1418,1815,1964,1801,38,40,50,2,0,0.019,0.028,0.028,0.001,0.0,Queens
11370,8809,0.08,0.058,0.1,0.094,0.131,0.141,0.14,0.157,0.062,0.037,53427,75046,47.9,0,0.0,1778,948,1182,1228,1268,0,0,0,0,0,0.0,0.0,0.0,0.0,0.0,Queens
11372,24793,0.065,0.045,0.14,0.128,0.118,0.212,0.122,0.106,0.033,0.03,50485,63963,40.4,0,0.0,4828,3657,3248,4807,3530,0,0,0,0,0,0.0,0.0,0.0,0.0,0.0,Queens
11373,31351,0.082,0.063,0.12,0.107,0.15,0.202,0.099,0.11,0.035,0.033,47588,62616,47.1,0,0.0,4449,3676,7116,5943,3948,0,0,0,0,0,0.0,0.0,0.0,0.0,0.0,Queens
11374,19483,0.097,0.057,0.113,0.086,0.131,0.139,0.134,0.147,0.059,0.038,52132,70852,40.3,50,0.003,4376,2071,2556,2682,2695,0,1,29,20,0,0.0,0.0,0.011,0.007,0.0,Queens
11375,32272,0.058,0.038,0.078,0.061,0.099,0.181,0.132,0.175,0.09,0.088,72414,95909,34.1,430,0.013,5284,4611,5392,5031,5056,287,122,21,0,0,0.054,0.026,0.004,0.0,0.0,Queens
11377,31455,0.062,0.044,0.108,0.119,0.16,0.207,0.111,0.119,0.039,0.03,50436,64842,45.1,978,0.031,5390,4037,5108,6225,4162,0,393,585,0,0,0.0,0.097,0.115,0.0,0.0,Queens
11378,12411,0.095,0.046,0.096,0.086,0.125,0.192,0.132,0.125,0.059,0.044,57127,74249,53.2,0,0.0,2565,1246,1614,2311,1748,0,0,0,0,0,0.0,0.0,0.0,0.0,0.0,Queens
11379,13528,0.059,0.035,0.086,0.085,0.105,0.149,0.147,0.21,0.082,0.043,71551,83602,51.5,0,0.0,2269,2330,1942,2184,2516,0,0,0,0,0,0.0,0.0,0.0,0.0,0.0,Queens
11385,34937,0.086,0.041,0.115,0.08,0.13,0.173,0.147,0.15,0.046,0.03,55331,69571,67.6,72,0.002,7103,3559,4605,5871,5382,0,14,15,42,0,0.0,0.004,0.003,0.007,0.0,Queens
11411,6022,0.035,0.011,0.064,0.072,0.1,0.192,0.129,0.236,0.107,0.054,81149,93447,48.0,4,0.001,651,931,1114,912,1288,0,0,4,0,0,0.0,0.0,0.004,0.0,0.0,Queens
11412,10871,0.042,0.034,0.083,0.071,0.11,0.184,0.161,0.2,0.073,0.042,72458,82631,48.5,68,0.006,1609,1755,1874,1976,1961,53,0,11,4,0,0.033,0.0,0.006,0.002,0.0,Queens
11413,12339,0.033,0.032,0.058,0.065,0.103,0.164,0.163,0.205,0.118,0.058,81287,92538,54.9,51,0.004,1499,1852,1991,2230,2311,42,0,9,0,0,0.028,0.0,0.005,0.0,0.0,Queens
11414,10654,0.05,0.056,0.07,0.071,0.12,0.175,0.144,0.149,0.098,0.067,68374,88917,47.0,0,0.0,1739,872,2655,1763,1469,0,0,0,0,0,0.0,0.0,0.0,0.0,0.0,Queens
11415,8250,0.051,0.042,0.103,0.07,0.103,0.225,0.125,0.155,0.073,0.053,63756,80334,46.4,0,0.0,1416,724,2163,1382,1139,0,0,0,0,0,0.0,0.0,0.0,0.0,0.0,Queens
11416,7134,0.064,0.03,0.12,0.085,0.137,0.189,0.142,0.138,0.054,0.041,58392,72849,66.8,0,0.0,1269,762,1014,1323,1065,0,0,0,0,0,0.0,0.0,0.0,0.0,0.0,Queens
11417,9450,0.063,0.047,0.102,0.054,0.111,0.209,0.136,0.163,0.064,0.05,62057,79020,59.4,1,0.0,1756,698,1099,1968,2350,0,0,1,0,0,0.0,0.0,0.001,0.0,0.0,Queens
11418,11371,0.066,0.048,0.077,0.086,0.116,0.214,0.141,0.161,0.058,0.033,61480,73486,59.5,0,0.0,1940,1088,1416,2415,2881,0,0,0,0,0,0.0,0.0,0.0,0.0,0.0,Queens
11419,12357,0.06,0.044,0.103,0.111,0.122,0.187,0.137,0.144,0.053,0.039,58266,73064,54.4,1,0.0,2173,1524,1635,2256,1783,0,0,1,0,0,0.0,0.0,0.001,0.0,0.0,Queens
11420,13474,0.054,0.029,0.096,0.099,0.149,0.177,0.128,0.159,0.059,0.049,59660,79434,49.4,9,0.001,2043,1503,2113,2367,1805,0,0,8,1,0,0.0,0.0,0.004,0.0,0.0,Queens
11421,12228,0.054,0.041,0.1,0.1,0.115,0.187,0.131,0.164,0.058,0.049,60996,78211,64.4,0,0.0,2056,1392,1529,2265,3001,0,0,0,0,0,0.0,0.0,0.0,0.0,0.0,Queens
11422,9620,0.036,0.02,0.048,0.068,0.111,0.158,0.159,0.232,0.12,0.047,84955,92702,52.2,1,0.0,1475,1085,1537,3187,569,0,0,1,0,0,0.0,0.0,0.001,0.0,0.0,Queens
11423,9793,0.062,0.028,0.095,0.078,0.139,0.174,0.149,0.147,0.084,0.044,62179,80672,37.4,3,0.0,1575,914,1439,1702,2451,0,0,3,0,0,0.0,0.0,0.002,0.0,0.0,Queens
11426,6191,0.046,0.024,0.059,0.033,0.129,0.186,0.169,0.197,0.096,0.061,77146,90998,38.9,0,0.0,770,847,1129,1172,1112,0,0,0,0,0,0.0,0.0,0.0,0.0,0.0,Queens
11427,7739,0.056,0.038,0.068,0.08,0.13,0.174,0.153,0.173,0.071,0.058,66007,83020,44.6,1,0.0,1143,693,1990,1335,1219,0,0,0,1,0,0.0,0.0,0.0,0.001,0.0,Queens
11428,5620,0.047,0.03,0.1,0.091,0.112,0.177,0.156,0.206,0.057,0.024,67151,75806,50.6,0,0.0,884,600,1362,988,1025,0,0,0,0,0,0.0,0.0,0.0,0.0,0.0,Queens
11429,7318,0.049,0.045,0.083,0.063,0.129,0.159,0.16,0.176,0.091,0.044,68684,82902,58.0,7,0.001,1187,559,1805,1276,1178,0,0,6,1,0,0.0,0.0,0.003,0.001,0.0,Queens
11432,18362,0.074,0.043,0.12,0.119,0.135,0.178,0.11,0.113,0.063,0.044,50702,70442,42.9,82,0.004,3487,2445,2613,3119,2306,78,1,1,1,0,0.022,0.0,0.0,0.0,0.0,Queens
11433,10394,0.119,0.071,0.125,0.094,0.165,0.146,0.098,0.121,0.045,0.015,42964,59055,54.8,104,0.01,1870,1219,1142,2776,391,95,4,4,0,0,0.051,0.003,0.004,0.0,0.0,Queens
11434,20731,0.058,0.043,0.082,0.089,0.142,0.213,0.125,0.177,0.054,0.019,58076,70071,58.4,6090,0.294,3277,2045,3050,4311,2795,78,5363,646,2,0,0.024,2.622,0.212,0.0,0.0,Queens
11435,18486,0.07,0.054,0.11,0.094,0.145,0.204,0.11,0.133,0.058,0.021,52686,66645,45.0,389,0.021,3577,2055,2689,3599,2360,1,40,180,161,7,0.0,0.019,0.067,0.045,0.003,Queens
11436,5454,0.045,0.041,0.069,0.084,0.138,0.199,0.156,0.173,0.068,0.027,64005,78107,62.5,7,0.001,757,505,1532,998,861,0,0,6,1,0,0.0,0.0,0.004,0.001,0.0,Queens
11691,19607,0.167,0.074,0.119,0.081,0.129,0.154,0.12,0.104,0.032,0.02,42023,55708,52.8,657,0.034,4493,2191,1898,4622,761,148,33,407,8,57,0.033,0.015,0.214,0.002,0.075,Queens
11692,6249,0.096,0.069,0.119,0.128,0.181,0.158,0.099,0.087,0.036,0.026,42127,58512,42.0,1469,0.235,962,694,887,1825,250,0,0,1125,0,343,0.0,0.0,1.268,0.0,1.372,Queens
11693,4512,0.153,0.029,0.09,0.09,0.123,0.168,0.101,0.173,0.041,0.031,53281,64300,46.4,1149,0.255,1079,456,570,727,512,0,1029,120,0,0,0.0,2.257,0.211,0.0,0.0,Queens
11694,7956,0.049,0.044,0.069,0.071,0.104,0.163,0.161,0.148,0.105,0.087,75094,100077,39.9,0,0.0,1233,1239,1244,1412,1098,0,0,0,0,0,0.0,0.0,0.0,0.0,0.0,Queens
11697,1520,0.013,0.028,0.064,0.054,0.107,0.18,0.077,0.225,0.122,0.132,93333,109500,32.4,0,0.0,223,168,283,373,229,0,0,0,0,0,0.0,0.0,0.0,0.0,0.0,Queens
